,Date,Subject,Pass Mark,Candidates Entered,Candidates Passed,Pass Rate,Filepath
0,2019-04-01,cb1,60.0,,,,pdfs2\IandF_CB1_201904_Examiners_Report.pdf
1,2019-09-01,cb1,55.0,,,,pdfs2\IandF_CB1_201909_Examiners_Report.pdf
2,2020-04-01,cb1,57.0,774.0,462.0,0.5968992248062015,pdfs2\IandF_CB1_202004_Examiners_Report_1.1.pdf
3,2020-09-01,cb1,58.0,1037.0,634.0,0.6113789778206364,pdfs2\IandF_CB1_202009_Examiners_Report.pdf
4,2021-04-01,cb1,58.0,1213.0,744.0,0.6133553173948887,pdfs2\IandF_CB1_202104_Examiners_Report.pdf
5,2021-09-01,cb1,54.0,1015.0,567.0,0.5586206896551724,pdfs2\IandF_CB1_202109_Examiner Report.pdf
6,2022-04-01,cb1,57.0,1077.0,628.0,0.5831012070566388,pdfs2\IandF_CB1_202204_Examiner Report.pdf
7,2022-09-01,cb1,57.0,921.0,554.0,0.6015200868621065,pdfs2\IandF_CB1_202209_Examiner Report.pdf
8,2023-04-01,cb1,57.0,1080.0,671.0,0.6212962962962963,pdfs2\IandF_CB1_202304_Examiner report.pdf
9,2023-09-01,cb1,60.0,1112.0,676.0,0.6079136690647482,pdfs2\IandF_CB1_202309_Examiner Report.pdf
10,2019-04-01,cb2,60.0,,,,pdfs2\IandF_CB2_201904_Examiners_Report.pdf
11,2019-09-01,cb2,60.0,,,,pdfs2\IandF_CB2_201909_Examiners_Report.pdf
12,2020-04-01,cb2,65.0,629.0,477.0,0.7583465818759937,pdfs2\IandF_CB2_202004_Examiners_Report_1.1.pdf
13,2020-09-01,cb2,60.0,1079.0,703.0,0.6515291936978684,pdfs2\IandF_CB2_202009_Examiners_Report.pdf
14,2021-09-01,cb2,60.0,833.0,585.0,0.7022809123649459,pdfs2\IandF_CB2_202109_Examiner Report.pdf
15,2022-04-01,cb2,60.0,795.0,501.0,0.630188679245283,pdfs2\IandF_CB2_202204_Examiner Report.pdf
16,2022-09-01,cb2,60.0,859.0,627.0,0.729918509895227,pdfs2\IandF_CB2_202209_Examiner Report.pdf
17,2023-04-01,cb2,60.0,833.0,514.0,0.617046818727491,pdfs2\IandF_CB2_202304_Examiner Report.pdf
18,2019-09-01,cm1,55.0,,,,pdfs2\IandF_CM1A_201909_Examiners_Report.pdf
19,2022-09-01,cm1,58.0,1419.0,419.0,0.2952783650458069,pdfs2\IandF_CM1A_202209_Examiner Report.pdf
20,2023-04-01,cm1,62.0,1903.0,775.0,0.4072517078297425,pdfs2\IandF_CM1A_202304_Examiner report.pdf
21,2023-09-01,cm1,54.0,1557.0,492.0,0.3159922928709056,pdfs2\IandF_CM1A_202309_Examiner Report.pdf
23,2020-09-01,cm1,58.0,1717.0,797.0,0.4641817122888759,pdfs2\IandF_CM1B_202009_Examiners_Report.pdf
27,2021-04-01,cm1,58.0,1856.0,941.0,0.5070043103448276,pdfs2\IandF_CM1_Paper A_202104_Examiners_Report.pdf
28,2021-09-01,cm1,53.0,1344.0,533.0,0.3965773809523809,pdfs2\IandF_CM1_Paper A_202109_Examiner Report.pdf
29,2022-04-01,cm1,58.0,1644.0,520.0,0.316301703163017,pdfs2\IandF_CM1_Paper A_202204_Examiner Report.pdf
33,2019-09-01,cm2,61.0,,,,pdfs2\IandF_CM2A_201909_Examiners_Report.pdf
34,2020-09-01,cm2,60.0,1450.0,703.0,0.4848275862068965,pdfs2\IandF_CM2A_202009_Examiners_Report.pdf
35,2021-04-01,cm2,60.0,1309.0,445.0,0.3399541634835752,pdfs2\IandF_CM2A_202104_Examiners_Report.pdf
36,2021-09-01,cm2,63.0,1398.0,682.0,0.4878397711015736,pdfs2\IandF_CM2A_202109_Examiner Report.pdf
37,2022-09-01,cm2,58.0,1301.0,528.0,0.4058416602613374,pdfs2\IandF_CM2A_202209_Examiner Report.pdf
38,2023-04-01,cm2,57.0,1297.0,558.0,0.4302235929067078,pdfs2\IandF_CM2A_202304_Examiner report.pdf
39,2023-09-01,cm2,57.0,1261.0,531.0,0.4210943695479778,pdfs2\IandF_CM2A_202309_Examiner Report.pdf
45,2022-09-01,cp1,54.0,700.0,277.0,0.3957142857142857,pdfs2\IandF_CP1 Paper 1_202209_Examiner Report.pdf
47,2023-09-01,cp1,57.0,802.0,341.0,0.4251870324189526,pdfs2\IandF_CP11_202309_Examiner Report.pdf
49,2021-04-01,cp1,55.0,1117.0,500.0,0.4476275738585497,pdfs2\IandF_CP1_Paper 1_202104_Examiners_Report.pdf
50,2021-09-01,cp1,55.0,708.0,254.0,0.3587570621468927,pdfs2\IandF_CP1_paper 1_202109_Examiner Report.pdf
51,2022-04-01,cp1,54.0,1187.0,506.0,0.4262847514743049,pdfs2\IandF_CP1_Paper 1_202204_ Examiner Report.pdf
55,2019-09-01,cp1,55.0,,,,pdfs2\IandF_CP1_paper1_201909_Examiners_Report.pdf
56,2020-04-01,cp1,57.0,997.0,454.0,0.4553660982948846,pdfs2\IandF_CP1_paper1_202004_Examiners_Report_1.2.pdf
57,2020-09-01,cp1,55.0,878.0,364.0,0.4145785876993166,pdfs2\IandF_CP1_paper1_202009_Examiners_Report.pdf
61,2023-04-01,cp2,60.0,1107.0,708.0,0.6395663956639567,pdfs2\IandF_CP2 2_202304_Examiner report.pdf
62,2022-09-01,cp2,57.0,1349.0,775.0,0.5744996293550778,pdfs2\IandF_CP2 Paper 1_202209_Examiner Report.pdf
65,2023-09-01,cp2,58.0,1250.0,714.0,0.5712,pdfs2\IandF_CP21_202309_Examiner Report.pdf
66,2019-09-01,cp2,60.0,,,,pdfs2\IandF_CP2_201909_Examiners_Report.pdf
67,2020-09-01,cp2,58.0,1252.0,797.0,0.6365814696485623,pdfs2\IandF_CP2_202009_Examiners_Report.pdf
68,2021-04-01,cp2,61.0,1021.0,590.0,0.5778648383937316,pdfs2\IandF_CP2_202104_Examiners_Report_v1.pdf
69,2021-09-01,cp2,60.0,1148.0,776.0,0.6759581881533101,pdfs2\IandF_CP2_paper 1_202109_Examiner Report.pdf
70,2022-04-01,cp2,58.0,1097.0,644.0,0.5870556061987238,pdfs2\IandF_CP2_paper 1_202204_Examiner Report.pdf
73,2019-09-01,cp3,57.0,,,,pdfs2\IandF_CP3_201909_Examiners_Report.pdf
74,2020-04-01,cp3,55.0,1333.0,674.0,0.5056264066016504,pdfs2\IandF_CP3_202004_Examiners_Report_1.1.pdf
75,2020-09-01,cp3,55.0,1560.0,809.0,0.5185897435897436,pdfs2\IandF_CP3_202009_Examiners_Report.pdf
76,2021-04-01,cp3,59.0,1267.0,720.0,0.5682715074980268,pdfs2\IandF_CP3_202104_Examiners_Report_v1.pdf
77,2021-09-01,cp3,56.0,1311.0,748.0,0.5705568268497331,pdfs2\IandF_CP3_202109_Examiner Report.pdf
78,2022-09-01,cp3,54.0,1448.0,764.0,0.5276243093922652,pdfs2\IandF_CP3_202209_Examiner Report.pdf
79,2023-04-01,cp3,56.0,1451.0,766.0,0.5279117849758787,pdfs2\IandF_CP3_202304_Examiner Report.pdf
80,2023-09-01,cp3,56.0,1743.0,1208.0,0.6930579460699943,pdfs2\IandF_CP3_202309_Examiner Report.pdf
81,2021-04-01,cs1,56.0,1482.0,779.0,0.5256410256410257,pdfs2\IandF_CS1 Paper A_202104_Examiners_Report.pdf
83,2019-04-01,cs1,,,,,pdfs2\IandF_CS1A_201904_Examiners_Report.pdf
84,2019-09-01,cs1,,,,,pdfs2\IandF_CS1A_201909_Examiners_Report.pdf
85,2020-09-01,cs1,60.0,1189.0,823.0,0.6921783010933558,pdfs2\IandF_CS1A_202009_Examiners_Report.pdf
86,2021-09-01,cs1,58.0,1372.0,578.0,0.4212827988338192,pdfs2\IandF_CS1A_202109_Examiner Report.pdf
87,2022-09-01,cs1,55.0,1302.0,539.0,0.4139784946236559,pdfs2\IandF_CS1A_202209_Examiner Report.pdf
88,2023-04-01,cs1,62.0,1460.0,746.0,0.510958904109589,pdfs2\IandF_CS1A_202304_Examiner Report.pdf
89,2023-09-01,cs1,60.0,1508.0,730.0,0.4840848806366047,pdfs2\IandF_CS1A_202309_Examiner Report.pdf
97,2022-04-01,cs1,59.0,1311.0,579.0,0.4416475972540046,pdfs2\IandF_CS1_Paper A_202204_Examiner Report.pdf
99,2019-04-01,cs2,55.0,,,,pdfs2\IandF_CS2A_201904_Examiner Report.pdf
100,2019-09-01,cs2,,,,,pdfs2\IandF_CS2A_201909_Examiners_Report.pdf
101,2020-09-01,cs2,,1363.0,476.0,0.3492296404988995,pdfs2\IandF_CS2A_202009_Examiners_Report.pdf
102,2021-09-01,cs2,58.0,1264.0,440.0,0.3481012658227848,pdfs2\IandF_CS2A_202109_Examiner Report.pdf
103,2022-09-01,cs2,55.0,978.0,195.0,0.1993865030674846,pdfs2\IandF_CS2A_202209_Examiner Report.pdf
104,2023-04-01,cs2,51.0,1226.0,376.0,0.3066884176182708,pdfs2\IandF_CS2A_202304_Examiner Report.pdf
105,2023-09-01,cs2,55.0,993.0,331.0,0.3333333333333333,pdfs2\IandF_CS2A_202309_Examiner Report.pdf
113,2022-04-01,cs2,57.0,1175.0,452.0,0.3846808510638297,pdfs2\IandF_CS2_Paper A_202204_Examiner Report.pdf
115,2021-04-01,cs2,55.0,1422.0,480.0,0.3375527426160337,pdfs2\IandF_CS2_Paper_A_202104_Examiners_Report.pdf
117,2019-04-01,sa1,55.0,,,,pdfs2\IandF_SA1_201904_Examiners_Report.pdf
118,2019-09-01,sa1,57.0,,,,pdfs2\IandF_SA1_201909_Examiners_Report.pdf
119,2020-04-01,sa1,62.0,69.0,36.0,0.5217391304347826,pdfs2\IandF_SA1_202004_Examiners_Report_1.1.pdf
120,2020-09-01,sa1,60.0,54.0,20.0,0.3703703703703703,pdfs2\IandF_SA1_202009_Examiners_Report.pdf
121,2021-04-01,sa1,60.0,65.0,20.0,0.3076923076923077,pdfs2\IandF_SA1_202104_Examiners_Report.pdf
122,2021-09-01,sa1,58.0,56.0,17.0,0.3035714285714285,pdfs2\IandF_SA1_202109_Examiner Report.pdf
123,2022-04-01,sa1,59.0,66.0,23.0,0.3484848484848485,pdfs2\IandF_SA1_202204_Examiner Report.pdf
124,2022-09-01,sa1,57.0,59.0,26.0,0.4406779661016949,pdfs2\IandF_SA1_202209_Examiner Report.pdf
125,2023-04-01,sa1,58.0,63.0,24.0,0.3809523809523809,pdfs2\IandF_SA1_202304_Examiner Report.pdf
126,2023-09-01,sa1,55.0,60.0,19.0,0.3166666666666666,pdfs2\IandF_SA1_202309_Examiner Report.pdf
127,2019-09-01,sa2,62.0,,,,pdfs2\IandF_SA2_201909_Examiners_Report.pdf
128,2020-04-01,sa2,63.0,354.0,180.0,0.5084745762711864,pdfs2\IandF_SA2_202004_Examiners_Report_1.1.pdf
129,2021-04-01,sa2,58.0,425.0,161.0,0.3788235294117647,pdfs2\IandF_SA2_202104_Examiners_Report.pdf
130,2021-09-01,sa2,59.0,392.0,151.0,0.3852040816326531,pdfs2\IandF_SA2_202109_Examiner Report.pdf
131,2022-09-01,sa2,52.0,428.0,137.0,0.3200934579439252,pdfs2\IandF_SA2_202209_Examiner Report.pdf
132,2023-04-01,sa2,60.0,534.0,195.0,0.3651685393258427,pdfs2\IandF_SA2_202304_Examiner Report.pdf
133,2023-09-01,sa2,60.0,521.0,179.0,0.3435700575815739,pdfs2\IandF_SA2_202309_Examiner Report.pdf
134,2022-04-01,sa2,60.0,485.0,170.0,0.3505154639175257,pdfs2\IandF_SA2__202204_Examiner Report.pdf
135,2019-04-01,sa3,61.0,,,,pdfs2\IandF_SA3_201904_Examiners_Report.pdf
136,2019-09-01,sa3,60.0,,,,pdfs2\IandF_SA3_201909_Examiners_Report.pdf
137,2020-04-01,sa3,63.0,388.0,127.0,0.327319587628866,pdfs2\IandF_SA3_202004_Examiners_Report_1.1.pdf
138,2020-09-01,sa3,65.0,394.0,183.0,0.4644670050761421,pdfs2\IandF_SA3_202009_Examiners_Report.pdf
139,2021-04-01,sa3,62.0,351.0,106.0,0.301994301994302,pdfs2\IandF_SA3_202104_Examiners_Report.pdf
140,2021-09-01,sa3,65.0,321.0,128.0,0.3987538940809969,pdfs2\IandF_SA3_202109_Examiner Report.pdf
141,2022-09-01,sa3,62.0,360.0,103.0,0.2861111111111111,pdfs2\IandF_SA3_202209_Examiner Report.pdf
142,2023-04-01,sa3,65.0,446.0,152.0,0.3408071748878923,pdfs2\IandF_SA3_202304_Examiner Report.pdf
143,2023-09-01,sa3,65.0,425.0,133.0,0.3129411764705882,pdfs2\IandF_SA3_202309_Examiner Report.pdf
144,2019-04-01,sa4,57.0,,,,pdfs2\IandF_SA4_201904_Examiners_Report.pdf
145,2019-09-01,sa4,55.0,,,,pdfs2\IandF_SA4_201909_Examiners_Report.pdf
146,2020-04-01,sa4,55.0,203.0,59.0,0.2906403940886699,pdfs2\IandF_SA4_202004_Examiners_Report.pdf
147,2020-09-01,sa4,55.0,217.0,87.0,0.4009216589861751,pdfs2\IandF_SA4_202009_Examiners_Report.pdf
148,2021-04-01,sa4,61.0,202.0,60.0,0.297029702970297,pdfs2\IandF_SA4_202104_Examiners_Report.pdf
149,2021-09-01,sa4,60.0,162.0,51.0,0.3148148148148148,pdfs2\IandF_SA4_202109_Examiner Report.pdf
150,2022-04-01,sa4,57.0,189.0,55.0,0.291005291005291,pdfs2\IandF_SA4_202204_ Examiner Report.pdf
151,2022-09-01,sa4,53.0,175.0,46.0,0.2628571428571428,pdfs2\IandF_SA4_202209_Examiner Report.pdf
152,2023-04-01,sa4,57.0,209.0,80.0,0.3827751196172249,pdfs2\IandF_SA4_202304_Examiner Report.pdf
153,2023-09-01,sa4,54.0,168.0,64.0,0.3809523809523809,pdfs2\IandF_SA4_202309_ Examiner Report.pdf
154,2019-04-01,sa7,61.0,,,,pdfs2\IandF_SA7_201904_Examiners_Report.pdf
155,2019-09-01,sa7,62.0,,,,pdfs2\IandF_SA7_201909_Examiners_Report.pdf
156,2020-04-01,sa7,62.0,92.0,36.0,0.391304347826087,pdfs2\IandF_SA7_202004_Examiners_Report.pdf
157,2020-09-01,sa7,59.0,112.0,54.0,0.4821428571428571,pdfs2\IandF_SA7_202009_Examiners_Report.pdf
158,2021-04-01,sa7,60.0,106.0,44.0,0.4150943396226415,pdfs2\IandF_SA7_202104_Examiners_Report.pdf
159,2021-09-01,sa7,60.0,72.0,26.0,0.3611111111111111,pdfs2\IandF_SA7_202109_Examiner Report.pdf
160,2023-04-01,sa7,58.0,97.0,42.0,0.4329896907216495,pdfs2\IandF_SA7_202304_Examiner Report.pdf
161,2023-09-01,sa7,59.0,113.0,51.0,0.4513274336283185,pdfs2\IandF_SA7_202309_Examiner Report.pdf
162,2019-04-01,sp1,63.0,,,,pdfs2\IandF_SP1_201904_Examiners_Report.pdf
163,2019-09-01,sp1,60.0,,,,pdfs2\IandF_SP1_201909_Examiners_Report.pdf
164,2020-04-01,sp1,60.0,206.0,91.0,0.441747572815534,pdfs2\IandF_SP1_202004_Examiners_Report_1.1.pdf
165,2020-09-01,sp1,60.0,276.0,128.0,0.463768115942029,pdfs2\IandF_SP1_202009_Examiners_Report.pdf
166,2021-04-01,sp1,63.0,286.0,153.0,0.534965034965035,pdfs2\IandF_SP1_202104_Examiners_Report.pdf
167,2021-09-01,sp1,60.0,262.0,120.0,0.4580152671755725,pdfs2\IandF_SP1_202109_ Examiner Report.pdf
168,2022-04-01,sp1,63.0,258.0,127.0,0.4922480620155038,pdfs2\IandF_SP1_202204_ Examiner Report.pdf
169,2022-09-01,sp1,60.0,244.0,125.0,0.5122950819672131,pdfs2\IandF_SP1_202209_Examiner Report.pdf
170,2023-04-01,sp1,60.0,240.0,109.0,0.4541666666666666,pdfs2\IandF_SP1_202304_Examiner report.pdf
171,2023-09-01,sp1,57.0,308.0,153.0,0.4967532467532468,pdfs2\IandF_SP1_202309_Examiner Report.pdf
172,2019-09-01,sp2,56.0,,,,pdfs2\IandF_SP2_201909_Examiners_Report.pdf
173,2020-04-01,sp2,56.0,421.0,182.0,0.4323040380047506,pdfs2\IandF_SP2_202004_Examiners_Report_1.1.pdf
174,2020-09-01,sp2,60.0,599.0,308.0,0.5141903171953256,pdfs2\IandF_SP2_202009_Examiners_Report.pdf
175,2021-04-01,sp2,57.0,477.0,228.0,0.4779874213836478,pdfs2\IandF_SP2_202104_Examiners_Report.pdf
176,2021-09-01,sp2,55.0,404.0,164.0,0.4059405940594059,pdfs2\IandF_SP2_202109_ Examiner Report.pdf
177,2022-04-01,sp2,53.0,423.0,157.0,0.3711583924349881,pdfs2\IandF_SP2_202204_ Examiner Report.pdf
178,2022-09-01,sp2,50.0,455.0,152.0,0.334065934065934,pdfs2\IandF_SP2_202209_Examiner Report.pdf
179,2023-04-01,sp2,55.0,580.0,272.0,0.4689655172413793,pdfs2\IandF_SP2_202304_Examiner report.pdf
180,2023-09-01,sp2,56.0,567.0,231.0,0.4074074074074074,pdfs2\IandF_SP2_202309_Examiner Report.pdf
181,2019-04-01,sp4,60.0,,,,pdfs2\IandF_SP4_201904_Examiners_Report.pdf
182,2019-09-01,sp4,60.0,,,,pdfs2\IandF_SP4_201909_Examiners_Report.pdf
183,2020-04-01,sp4,62.0,177.0,46.0,0.2598870056497175,pdfs2\IandF_SP4_202004_Examiners_Report.pdf
184,2020-09-01,sp4,63.0,226.0,81.0,0.3584070796460177,pdfs2\IandF_SP4_202009_Examiners_Report.pdf
185,2021-04-01,sp4,63.0,178.0,74.0,0.4157303370786517,pdfs2\IandF_SP4_202104_Examiners_Report.pdf
186,2021-09-01,sp4,62.0,172.0,96.0,0.5581395348837209,pdfs2\IandF_SP4_202109_ Examiner Report.pdf
187,2022-04-01,sp4,64.0,137.0,75.0,0.5474452554744526,pdfs2\IandF_SP4_202204_ Examiner Report.pdf
188,2022-09-01,sp4,60.0,128.0,66.0,0.515625,pdfs2\IandF_SP4_202209_Examiner Report.pdf
189,2023-04-01,sp4,65.0,135.0,70.0,0.5185185185185185,pdfs2\IandF_SP4_202304_Examiner report.pdf
190,2023-09-01,sp4,63.0,158.0,80.0,0.5063291139240507,pdfs2\IandF_SP4_202309_Examiners Report.pdf
191,2019-09-01,sp5,58.0,,,,pdfs2\IandF_SP5_201909_Examiners_Report.pdf
192,2020-04-01,sp5,64.0,249.0,112.0,0.4497991967871486,pdfs2\IandF_SP5_202004_Examiners_Report_1.1.pdf
193,2021-04-01,sp5,55.0,280.0,122.0,0.4357142857142857,pdfs2\IandF_SP5_202104_Examiners_Report.pdf
194,2021-09-01,sp5,56.0,279.0,128.0,0.4587813620071684,pdfs2\IandF_SP5_202109_ Examiner Report.pdf
195,2022-04-01,sp5,57.0,256.0,115.0,0.44921875,pdfs2\IandF_SP5_202204_Examiner Report.pdf
196,2022-09-01,sp5,64.0,255.0,119.0,0.4666666666666667,pdfs2\IandF_SP5_202209_Examiner Report.pdf
197,2023-04-01,sp5,62.0,237.0,113.0,0.4767932489451477,pdfs2\IandF_SP5_202304_Examiner Report.pdf
198,2023-09-01,sp5,63.0,300.0,153.0,0.51,pdfs2\IandF_SP5_202309_Examiner Report.pdf
199,2021-09-01,sp6,60.0,38.0,15.0,0.3947368421052631,pdfs2\IandF_SP6 _202109_Examiner report.pdf
200,2019-04-01,sp6,60.0,,,,pdfs2\IandF_SP6_201904_Examiners_Report.pdf
201,2019-09-01,sp6,60.0,,,,pdfs2\IandF_SP6_201909_Examiners_Report.pdf
202,2020-09-01,sp6,60.0,68.0,23.0,0.3382352941176471,pdfs2\IandF_SP6_202009_Examiners_Report.pdf
203,2021-04-01,sp6,60.0,49.0,19.0,0.3877551020408163,pdfs2\IandF_SP6_202104_Examiners_Report.pdf
204,2022-04-01,sp6,55.0,41.0,11.0,0.2682926829268293,pdfs2\IandF_SP6_202204_ Examiner Report.pdf
205,2022-09-01,sp6,60.0,53.0,18.0,0.3396226415094339,pdfs2\IandF_SP6_202209_Examiner Report.pdf
206,2023-04-01,sp6,60.0,45.0,24.0,0.5333333333333333,pdfs2\IandF_SP6_202304_Examiner report.pdf
207,2023-09-01,sp6,60.0,45.0,27.0,0.6,pdfs2\IandF_SP6_202309_Examiner Report.pdf
208,2019-04-01,sp7,65.0,,,,pdfs2\IandF_SP7_201904_Examiners_Report.pdf
209,2019-09-01,sp7,61.0,,,,pdfs2\IandF_SP7_201909_Examiners_Report.pdf
210,2020-04-01,sp7,58.0,254.0,53.0,0.2086614173228346,pdfs2\IandF_SP7_202004_Examiners_Report_1.1.pdf
211,2020-09-01,sp7,59.0,399.0,80.0,0.200501253132832,pdfs2\IandF_SP7_202009_Examiners_Report.pdf
212,2021-04-01,sp7,65.0,399.0,187.0,0.4686716791979949,pdfs2\IandF_SP7_202104_Examiners_Report.pdf
213,2021-09-01,sp7,61.0,295.0,112.0,0.3796610169491525,pdfs2\IandF_SP7_202109_ Examiner Report.pdf
214,2022-09-01,sp7,61.0,315.0,119.0,0.3777777777777777,pdfs2\IandF_SP7_202209_Examiner Report.pdf
215,2023-04-01,sp7,59.0,342.0,146.0,0.4269005847953216,pdfs2\IandF_SP7_202304_Examiner Report.pdf
216,2023-09-01,sp7,64.0,372.0,154.0,0.4139784946236559,pdfs2\IandF_SP7_202309_Examiner Report.pdf
217,2022-04-01,sp7,64.0,317.0,141.0,0.444794952681388,pdfs2\IandF_SP7__202204_Examiner Report.pdf
218,2019-04-01,sp8,60.0,,,,pdfs2\IandF_SP8_201904_Examiners_Report.pdf
219,2019-09-01,sp8,57.0,,,,pdfs2\IandF_SP8_201909_Examiners_Report.pdf
220,2020-04-01,sp8,60.0,274.0,111.0,0.4051094890510949,pdfs2\IandF_SP8_202004_Examiners_Report_1.1.pdf
221,2020-09-01,sp8,57.0,337.0,125.0,0.3709198813056379,pdfs2\IandF_SP8_202009_Examiners_Report.pdf
222,2021-04-01,sp8,59.0,325.0,107.0,0.3292307692307692,pdfs2\IandF_SP8_202104_Examiners_Report.pdf
223,2021-09-01,sp8,50.0,285.0,104.0,0.3649122807017544,pdfs2\IandF_SP8_202109_ Examiner Report.pdf
224,2022-09-01,sp8,57.0,316.0,134.0,0.4240506329113924,pdfs2\IandF_SP8_202209_Examiner Report.pdf
225,2023-04-01,sp8,55.0,351.0,121.0,0.3447293447293447,pdfs2\IandF_SP8_202304_Examiner Report.pdf
226,2023-09-01,sp8,60.0,389.0,171.0,0.4395886889460154,pdfs2\IandF_SP8_202309_Examiner Report.pdf
227,2019-04-01,sp9,61.0,,,,pdfs2\IandF_SP9_201904_Examiners_Report.pdf
228,2019-09-01,sp9,63.0,,,,pdfs2\IandF_SP9_201909_Examiners_Report.pdf
229,2020-04-01,sp9,64.0,268.0,68.0,0.2537313432835821,pdfs2\IandF_SP9_202004_Examiners_Report_1.2.pdf
230,2020-09-01,sp9,61.0,329.0,132.0,0.4012158054711246,pdfs2\IandF_SP9_202009_Examiners_Report.pdf
231,2021-04-01,sp9,61.0,273.0,67.0,0.2454212454212454,pdfs2\IandF_SP9_202104_Examiners_Report.pdf
232,2021-09-01,sp9,58.0,238.0,84.0,0.3529411764705882,pdfs2\IandF_SP9_202109_ Examiner Report.pdf
233,2022-09-01,sp9,55.0,140.0,55.0,0.3928571428571428,pdfs2\IandF_SP9_202209_Examiner Report.pdf
234,2023-04-01,sp9,56.0,150.0,81.0,0.54,pdfs2\IandF_SP9_202304_Examiner report.pdf
235,2023-09-01,sp9,55.0,131.0,62.0,0.4732824427480916,pdfs2\IandF_SP9_202309_Examiner Report.pdf
236,2021-04-01,cb2,58.0,934.0,518.0,0.5546038543897216,pdfs2\landF_CB2_202104_Examiners_Report.pdf
237,2019-04-01,cm1,58.0,,,,pdfs2\landF_CM1A_201904_Examiners'_Report.pdf
239,2019-04-01,cm2,60.0,,,,pdfs2\landF_CM2A_201904_Examiners'_Report.pdf
240,2022-04-01,cm2,60.0,1338.0,506.0,0.3781763826606876,pdfs2\landF_CM2A_202204_Examiner Report.pdf
243,2019-04-01,cp1,58.0,,,,pdfs2\landF_CP1_Paper1_201904_Examiners'.pdf
245,2020-04-01,cp2,60.0,1097.0,724.0,0.6599817684594348,pdfs2\landF_CP2_202004_Examiners'_Report_1.1.pdf
246,2022-04-01,cp3,60.0,1324.0,791.0,0.5974320241691843,pdfs2\landF_CP3_202204_Examiner Report.pdf
247,2019-04-01,sa2,55.0,,,,pdfs2\landF_SA2_201904_Examiners'_Report.pdf
248,2022-04-01,sa3,65.0,368.0,89.0,0.2418478260869565,pdfs2\landF_SA3_202204_Examiner Report.pdf
249,2022-04-01,sa7,59.0,96.0,28.0,0.2916666666666667,pdfs2\landF_SA7_202204_Examiner Report.pdf
250,2019-04-01,sp2,60.0,,,,pdfs2\landF_SP2_201904_Examiners'_Report.pdf
251,2022-04-01,sp8,53.0,319.0,138.0,0.4326018808777429,pdfs2\landF_SP8_202204_Examiner Report.pdf
252,2024-04-01,cb1,63.0,1358.0,893.0,0.6575846833578792,pdfs2\CB1\CB1_April 2024_Examiner Report.pdf
253,2025-04-01,cb1,58.0,1120.0,658.0,0.5875,pdfs2\CB1\CB1_April 2025_Examiners' Report.pdf
254,2024-09-01,cb1,63.0,1337.0,819.0,0.612565445026178,pdfs2\CB1\CB1_September 2024_Examiner Report.pdf
255,2024-04-01,cb2,60.0,1089.0,817.0,0.7502295684113865,pdfs2\CB2\CB2_April 2024_Examiner Report.pdf
256,2025-04-01,cb2,59.0,639.0,401.0,0.6275430359937402,pdfs2\CB2\CB2_April2025_Examiners' Report.pdf
257,2024-09-01,cb2,65.0,1169.0,861.0,0.7365269461077845,pdfs2\CB2\CB2_September 2024_Examiner Report.pdf
258,2025-04-01,cm1,59.0,1376.0,548.0,0.3982558139534883,pdfs2\CM1A\CM1A_ April2025_Examiners' Report.pdf
259,2024-04-01,cm1,63.0,1981.0,872.0,0.4401817264008076,pdfs2\CM1A\CM1A_April 2024_Examiner Report.pdf
260,2024-09-01,cm1,58.0,1599.0,480.0,0.300187617260788,pdfs2\CM1A\CM1A_September 2024_Examiner Report.pdf
264,2024-04-01,cm2,56.0,1307.0,583.0,0.4460596786534047,pdfs2\CM2A\CM2A_April 2024_Examiner Report.pdf
265,2025-04-01,cm2,61.0,1012.0,483.0,0.4772727272727273,pdfs2\CM2A\CM2A_April2025_Examiners' Report.pdf
266,2024-09-01,cm2,60.0,1426.0,661.0,0.4635343618513324,pdfs2\CM2A\CM2A_September 2024_Examiner Report.pdf
270,2024-09-01,cp1,53.0,891.0,394.0,0.4421997755331088,pdfs2\CP1 Paper 1\CP1-1_September 2024_Examiner Report.pdf
271,2025-04-01,cp1,55.0,1249.0,544.0,0.4355484387510008,pdfs2\CP1 Paper 1\CP1_Paper1_April2025_Examiners' Report.pdf
274,2024-04-01,cp1,56.0,1553.0,703.0,0.4526722472633612,pdfs2\CP1-1\CP1-1_April 2024_Examiner Report.pdf
276,2024-09-01,cp2,60.0,1451.0,877.0,0.6044107512060648,pdfs2\CP2 Paper 1\CP2-1_September 2024_Examiner Report.pdf
277,2025-04-01,cp2,59.0,968.0,572.0,0.5909090909090909,pdfs2\CP2 Paper 1\CP2_P1_April2025_Examiners' Report.pdf
280,2024-04-01,cp2,61.0,1167.0,706.0,0.6049700085689803,pdfs2\CP2-1\CP2-1_April 2024_Examiner Report.pdf
282,2024-04-01,cp3,55.0,1357.0,647.0,0.4767870302137067,pdfs2\CP3\CP3_April 2024_Examiner Report.pdf
283,2025-04-01,cp3,59.0,1322.0,702.0,0.5310136157337367,pdfs2\CP3\CP3_April2025_Examiners' Report.pdf
284,2024-09-01,cp3,55.0,1692.0,966.0,0.5709219858156028,pdfs2\CP3\CP3_September 2024_Examiner Report.pdf
285,2024-04-01,cs1,59.0,1613.0,771.0,0.4779913205207687,pdfs2\CS1A\CS1A_April 2024_Examiner Report.pdf
286,2025-04-01,cs1,55.0,1070.0,469.0,0.4383177570093458,pdfs2\CS1A\CS1A_April2025_Examiners' Report.pdf
287,2024-09-01,cs1,59.0,1672.0,849.0,0.5077751196172249,pdfs2\CS1A\CS1A_September 2024_Examiner Report.pdf
291,2024-04-01,cs2,55.0,1286.0,463.0,0.3600311041990668,pdfs2\CS2A\CS2A_April 2024_Examiner Report.pdf
292,2025-04-01,cs2,57.0,948.0,456.0,0.4810126582278481,pdfs2\CS2A\CS2A_April2025_Examiners' Report.pdf
293,2024-09-01,cs2,55.0,1167.0,549.0,0.4704370179948586,pdfs2\CS2A\CS2A_September 2024_Examiner Report.pdf
296,2023-04-01,cp1,62.0,1360.0,612.0,0.45,pdfs2\iandf_cp11_april-23\IandF_CP11_202304_Examiner Report.pdf
299,2022-09-01,sa7,59.0,90.0,34.0,0.3777777777777777,pdfs2\IandF_SA7_09_2022\IandF_SA7_202209_Examiner Report.pdf
301,2019-04-01,cp2,60.0,,,,pdfs2\IandF_SubjCP2-1_04_2019_0 (1)\IandF_SubjCP2-1_04_2019\landF_CP2_paper1&2_201904_Examiners'_Report.pdf
303,2019-04-01,cp3,58.0,,,,pdfs2\IandF_SubjCP3_04_2019\IandF_CP3_201904_Examiners_Report.pdf
304,2020-09-01,sa2,64.0,391.0,165.0,0.4219948849104859,pdfs2\IandF_SubjSA2_09_2020\IandF_SA2_202009_Examiners_Report.pdf
305,2019-04-01,sp5,55.0,,,,pdfs2\IandF_SubjSP5_04_2019\IandF_SP5_201904_Examiners_Report.pdf
306,2020-09-01,sp5,62.0,336.0,162.0,0.4821428571428571,pdfs2\IandF_SubjSP5_09_2020\IandF_SP5_202009_Examiners_Report.pdf
307,2022-04-01,sp9,52.0,150.0,69.0,0.46,pdfs2\iandf_subjsp9_04_2022\IandF_SP9_202204_Examiner Report.pdf
308,2024-04-01,sa1,56.0,80.0,37.0,0.4625,pdfs2\SA1\SA1_April 2024_Examiner Report.pdf
309,2025-04-01,sa1,55.0,50.0,22.0,0.44,pdfs2\SA1\SA1_April2025_Examiners' Report.pdf
310,2024-09-01,sa1,57.0,69.0,32.0,0.463768115942029,pdfs2\SA1\SA1_September 2024_Examiner Report.pdf
311,2024-04-01,sa2,60.0,570.0,194.0,0.3403508771929824,pdfs2\SA2\SA2_April 2024_Examiner report.pdf
312,2025-04-01,sa2,45.0,441.0,199.0,0.4512471655328798,pdfs2\SA2\SA2_April2025_Examiners' Report.pdf
313,2024-09-01,sa2,60.0,566.0,242.0,0.4275618374558304,pdfs2\SA2\SA2_September 2024_Examiner Report.pdf
314,2024-04-01,sa3,65.0,492.0,224.0,0.4552845528455284,pdfs2\SA3\SA3_April 2024_Examiner Report.pdf
315,2025-04-01,sa3,58.0,443.0,140.0,0.3160270880361174,pdfs2\SA3\SA3_April2025_Examiners' Report.pdf
316,2024-09-01,sa3,60.0,451.0,169.0,0.3747228381374722,pdfs2\SA3\SA3_September 2024_Examiner Report.pdf
317,2024-04-01,sa4,54.0,176.0,74.0,0.4204545454545454,pdfs2\SA4\SA4_April 2024_Examiner Report.pdf
318,2025-04-01,sa4,55.0,167.0,88.0,0.5269461077844312,pdfs2\SA4\SA4_April 2025_Examiners' Report.pdf
319,2024-09-01,sa4,55.0,145.0,67.0,0.4620689655172413,pdfs2\SA4\SA4_September 2024_Examiner Report.pdf
320,2024-04-01,sa7,58.0,110.0,57.0,0.5181818181818182,pdfs2\SA7\SA7_April 2024_Examiner Report.pdf
321,2025-04-01,sa7,59.0,83.0,42.0,0.5060240963855421,pdfs2\SA7\SA7_April2025_Examiners' Report.pdf
322,2024-09-01,sa7,62.0,103.0,43.0,0.4174757281553398,pdfs2\SA7\SA7_September 2024_Examiner Report.pdf
323,2024-04-01,sp1,60.0,334.0,185.0,0.5538922155688623,pdfs2\SP1\SP1_April 2024_Examiner Report.pdf
324,2025-04-01,sp1,55.0,218.0,111.0,0.5091743119266054,pdfs2\SP1\SP1_April2025_Examiners' Report.pdf
325,2024-09-01,sp1,57.0,385.0,189.0,0.4909090909090909,pdfs2\SP1\SP1_September 2024_Examiner Report.pdf
326,2024-04-01,sp2,53.0,576.0,294.0,0.5104166666666666,pdfs2\SP2\SP2_April 2024_Examiner Report.pdf
327,2025-04-01,sp2,55.0,418.0,175.0,0.4186602870813397,pdfs2\SP2\SP2_April 2025_Examiners Report.pdf
328,2024-09-01,sp2,58.0,599.0,258.0,0.4307178631051753,pdfs2\SP2\SP2_September 2024_Examiner Report.pdf
329,2024-04-01,sp4,60.0,151.0,82.0,0.543046357615894,pdfs2\SP4\SP4_April 2024_Examiner Report.pdf
330,2025-04-01,sp4,58.0,131.0,85.0,0.648854961832061,pdfs2\SP4\SP4_April2025_Examiners' Report.pdf
331,2024-09-01,sp4,62.0,147.0,78.0,0.5306122448979592,pdfs2\SP4\SP4_September 2024_Examiner Report.pdf
332,2024-04-01,sp5,63.0,262.0,145.0,0.5534351145038168,pdfs2\SP5\SP5_April 2024_Examiner Report.pdf
333,2025-04-01,sp5,,192.0,98.0,0.5104166666666666,pdfs2\SP5\SP5_April2025_Examiners' Report.pdf
334,2024-09-01,sp5,61.0,262.0,129.0,0.4923664122137404,pdfs2\SP5\SP5_September 2024_Examiner Report.pdf
335,2024-04-01,sp6,60.0,22.0,17.0,0.7727272727272727,pdfs2\SP6\SP6_April 2024_Examiner Report.pdf
336,2025-04-01,sp6,59.0,25.0,13.0,0.52,pdfs2\SP6\SP6_April2025_Examiners' Report.pdf
337,2024-09-01,sp6,60.0,42.0,33.0,0.7857142857142857,pdfs2\SP6\SP6_September 2024_Examiner Report.pdf
338,2024-04-01,sp7,60.0,456.0,210.0,0.4605263157894737,pdfs2\SP7\SP7_April 2024_Examiner Report.pdf
339,2025-04-01,sp7,60.0,397.0,173.0,0.4357682619647355,pdfs2\SP7\SP7_April2025_Examiners' Report.pdf
340,2024-09-01,sp7,61.0,420.0,206.0,0.4904761904761904,pdfs2\SP7\SP7_September 2024_Examiner Report.pdf
341,2024-04-01,sp8,62.0,434.0,171.0,0.3940092165898617,pdfs2\SP8\SP8_April 2024_Examiner Report.pdf
342,2025-04-01,sp8,57.0,387.0,139.0,0.359173126614987,pdfs2\SP8\SP8_April2025_Examiners' Report.pdf
343,2024-09-01,sp8,57.0,439.0,199.0,0.4533029612756264,pdfs2\SP8\SP8_September 2024_Examiner Report.pdf
344,2024-04-01,sp9,60.0,167.0,79.0,0.4730538922155688,pdfs2\SP9\SP9_April 2024_Examiner Report.pdf
345,2025-04-01,sp9,55.0,147.0,54.0,0.3673469387755102,pdfs2\SP9\SP9_April2025_Examiners' Report.pdf
346,2024-09-01,sp9,57.0,157.0,70.0,0.445859872611465,pdfs2\SP9\SP9_September 2024_Examiner Report.pdf
0,2023-09-01,cb2,62.0,1115.0,808.0,0.7246636771300449,pdfs\IandF_CB2_202309_Examiner%20Report.pdf
0,2020-04-01,cm1,,,,,Error
0,2020-04-01,cm2,,,,,Error
0,2020-04-01,cs1,,,,,Error
0,2020-04-01,cs2,,,,,Error
0,2020-04-01,sp6,,,,,Error
